"bucket","key","date","size","parent1","parent2","parent3","parent4","parent5","parent6","parent7","parent8","parent9","parent10"
"svz-master-pictures-new","failed/2019-04-27_Phone_Pictures_Florida_Spring_Break_2019-04-27_13.05.35_-_Copy.jpg","2019-10-09 02:13:18+00:00",5231319,"failed","","","","","","","","",""
"svz-master-pictures-new","failed/2019-05-18_Phone_Pictures_William_First_Communion_2019-05-18_08.20.40-1_-_Copy.jpg","2019-10-09 00:44:13+00:00",2655995,"failed","","","","","","","","",""
"svz-master-pictures-new","failed/2019-05-18_Phone_Pictures_William_First_Communion_2019-05-18_10.40.02_-_Copy.jpg","2019-10-09 00:45:27+00:00",2232380,"failed","","","","","","","","",""
"svz-master-pictures-new","failed/2019-05-18_Phone_Pictures_William_First_Communion_2019-05-18_14.16.09-1_-_Copy.jpg","2019-10-09 00:47:01+00:00",2277788,"failed","","","","","","","","",""
"svz-master-pictures-new","failed/2019-05-18_William_First_Communion_47877178901_c0fe1b4922_o_-_Copy.jpg","2019-10-09 02:12:35+00:00",2888481,"failed","","","","","","","","",""
"svz-master-pictures-new","failed/2019-05-18_William_First_Communion_IMG_0260_-_Copy.JPG","2019-10-09 02:14:00+00:00",5687160,"failed","","","","","","","","",""
"svz-master-pictures-new","failed/2019-05-18_William_First_Communion_IMG_0264_-_Copy.JPG","2019-10-09 02:03:52+00:00",5984245,"failed","","","","","","","","",""
"svz-master-pictures-new","failed/2019-05-18_William_First_Communion_IMG_0277_-_Copy.JPG","2019-10-09 02:14:00+00:00",6978263,"failed","","","","","","","","",""
"svz-master-pictures-new","failed/2019-06-02_Phone_Pictures_William_Birthday_2019-06-02_21.43.14_-_Copy.jpg","2019-10-09 02:11:45+00:00",3742843,"failed","","","","","","","","",""
"svz-master-pictures-new","failed/2019-06-05_Phone_Pictures_Last_Day_School_Frankies_2019-06-05_15.08.38_-_Copy.jpg","2019-10-09 02:08:19+00:00",2316439,"failed","","","","","","","","",""
"svz-master-pictures-new","failed/2019-07-07_Phone_Pictures_Andrew_Playdate_2019-07-07_14.37.50_-_Copy.jpg","2019-10-09 02:14:29+00:00",4417087,"failed","","","","","","","","",""
"svz-master-pictures-new","failed/2019-08-02_Phone_Pictures_Fairfax_Trip_2019-08-02_16.54.25_-_Copy.jpg","2019-10-09 02:06:48+00:00",3627878,"failed","","","","","","","","",""
"svz-master-pictures-new","failed/2019-10-05_Phone_Pictures_Cox_Farm_2019-10-05_15.44.31-1.jpg","2019-10-09 02:13:18+00:00",3029167,"failed","","","","","","","","",""
"svz-master-pictures-new","failed/2019-10-05_Phone_Pictures_Cox_Farm_2019-10-05_16.46.49-1.jpg","2019-10-09 02:14:22+00:00",3722298,"failed","","","","","","","","",""
"svz-master-pictures-new","failed/2019-10-05_Phone_Pictures_Cox_Farm_2019-10-05_17.22.56.jpg","2019-10-09 02:14:29+00:00",4579973,"failed","","","","","","","","",""
"svz-master-pictures-new","failed/2019-10-06_Phone_Pictures_Elephant_and_Piggie_Play_2019-10-06_12.20.34-1.jpg","2019-10-09 02:14:29+00:00",5154089,"failed","","","","","","","","",""
"svz-master-pictures-new","failed/2020-01-02_Phone_Pictures_ST_Diner_2020-01-02_17.35.04.jpg","2020-01-04 15:10:27+00:00",2981932,"failed","","","","","","","","",""
"svz-master-pictures-new","failed/2020-01-02_Phone_Pictures_ST_Diner_2020-01-02_17.37.18.jpg","2020-01-04 15:10:34+00:00",3068475,"failed","","","","","","","","",""
"svz-master-pictures-new","failed/2020-01-02_Phone_Pictures_ST_Diner_2020-01-02_18.26.41.jpg","2020-01-04 15:10:35+00:00",3728849,"failed","","","","","","","","",""
"svz-master-pictures-new","failed/8b08c25e-4033-11ea-9ded-cafb79995cf1_2012_05_30_William_Birthday_Project_IMG_9540_-_Copy.jpg","2020-01-26 14:51:37+00:00",74008,"failed","","","","","","","","",""
"svz-master-pictures-new","failed/Adjustments.plist.jpg","2020-02-23 19:49:57+00:00",1808960,"failed","","","","","","","","",""
"svz-master-pictures-new","failed/Camera_Uploads_2020-07-05_18.16.34-2.jpg","2020-07-12 16:00:39+00:00",6366552,"failed","","","","","","","","",""
"svz-master-pictures-new","failed/IMG_0144.JPG","2020-02-23 19:50:09+00:00",3270327,"failed","","","","","","","","",""
"svz-master-pictures-new","failed/IMG_0239.MOV.jpg","2020-02-15 23:01:05+00:00",2593754,"failed","","","","","","","","",""
"svz-master-pictures-new","failed/IMG_0306.JPG","2020-02-23 19:50:16+00:00",2426406,"failed","","","","","","","","",""
"svz-master-pictures-new","failed/IMG_0368.JPG","2020-02-23 19:50:20+00:00",1878618,"failed","","","","","","","","",""
"svz-master-pictures-new","failed/IMG_0381.JPG","2020-02-23 19:50:20+00:00",2604634,"failed","","","","","","","","",""
"svz-master-pictures-new","failed/IMG_0404.JPG","2020-02-23 19:50:20+00:00",2932957,"failed","","","","","","","","",""
"svz-master-pictures-new","failed/IMG_0539.jpg","2020-02-23 19:50:16+00:00",1992228,"failed","","","","","","","","",""
"svz-master-pictures-new","failed/IMG_1813.JPG","2020-02-23 19:50:18+00:00",2027333,"failed","","","","","","","","",""
"svz-master-pictures-new","failed/IMG_1838.JPG","2020-02-23 19:50:20+00:00",2128342,"failed","","","","","","","","",""
"svz-master-pictures-new","failed/IMG_8075.jpg","2020-02-23 19:50:21+00:00",1961735,"failed","","","","","","","","",""
"svz-master-pictures-new","failed/PictureBackgroundImage2_2012_10_14_Pumpkin_Patch_NiceCanon_0126_-_Copy_-_Scene_1.jpg","2019-10-09 00:37:07+00:00",156437,"failed","","","","","","","","",""
"svz-master-pictures-new","failed/PictureBackgroundImage2_2012_10_14_Pumpkin_Patch_NiceCanon_0126_-_Copy_-_Scene_2.jpg","2019-10-09 00:38:04+00:00",128105,"failed","","","","","","","","",""
"svz-master-pictures-new","failed/PictureBackgroundImage2_2012_10_14_Pumpkin_Patch_NiceCanon_0126_-_Copy_-_Scene_3.jpg","2019-10-09 00:37:32+00:00",118726,"failed","","","","","","","","",""
"svz-master-pictures-new","failed/PictureBackgroundImage2_2012_10_14_Pumpkin_Patch_NiceCanon_0138_-_Copy_-_Scene_1.jpg","2019-10-09 00:37:47+00:00",127714,"failed","","","","","","","","",""
"svz-master-pictures-new","failed/PictureBackgroundImage2_2012_10_14_Pumpkin_Patch_NiceCanon_0138_-_Copy_-_Scene_2.jpg","2019-10-09 00:37:26+00:00",89636,"failed","","","","","","","","",""
"svz-master-pictures-new","failed/PictureBackgroundImage2_2012_10_14_Pumpkin_Patch_NiceCanon_0138_-_Copy_-_Scene_3.jpg","2019-10-09 00:38:03+00:00",110401,"failed","","","","","","","","",""
"svz-master-pictures-new","failed/PictureBackgroundImage2_2012_10_14_Pumpkin_Patch_NiceCanon_0138_-_Copy_-_Scene_4.jpg","2019-10-09 00:37:28+00:00",179114,"failed","","","","","","","","",""
"svz-master-pictures-new","failed/PictureBackgroundImage2_2017-09-17_18.11.12_-_Copy.jpg","2019-10-09 00:37:05+00:00",160743,"failed","","","","","","","","",""
"svz-master-pictures-new","failed/PictureBackgroundImage2_2017-09-17_18.11.36_-_Copy.jpg","2019-10-09 00:38:03+00:00",142094,"failed","","","","","","","","",""
"svz-master-pictures-new","failed/archive/2019-09-04_Phone_Pictures_Charlotte_First_Day_of_Preschool_2019-09-04_09.27.47-1.jpg","2019-10-28 23:02:38+00:00",5593379,"failed","archive","","","","","","","",""
"svz-master-pictures-new","failed/archive/2019-09-04_Phone_Pictures_Charlotte_First_Day_of_Preschool_2019-09-04_10.58.17.jpg","2019-10-28 23:02:29+00:00",1637947,"failed","archive","","","","","","","",""
"svz-master-pictures-new","failed/archive/2019-10-13_Charlotte_Preschool_IMG_9377.JPG","2019-10-28 23:02:33+00:00",2539424,"failed","archive","","","","","","","",""
"svz-master-pictures-new","failed/archive/2019-10-20_Phone_Pictures_Richmond_Breakfast_2019-10-20_11.48.16.jpg","2019-10-28 23:02:29+00:00",1986145,"failed","archive","","","","","","","",""
"svz-master-pictures-new","failed/archive/2019-10-21_Phone_Pictures_Charlotte_Super_Dog_2019-10-21_14.32.17.jpg","2019-10-28 23:02:25+00:00",2019502,"failed","archive","","","","","","","",""
"svz-master-pictures-new","failed/archive/2019-10-23_Phone_Pictures_Charlotte_Preschool_Picture_Day_2019-10-23_18.07.32.jpg","2019-10-28 23:02:33+00:00",2232735,"failed","archive","","","","","","","",""
"svz-master-pictures-new","failed/gif_2014_10_31_999_64_-_Copy.jpg","2019-10-09 00:37:36+00:00",9445296,"failed","","","","","","","","",""
"svz-master-pictures-new","failed/gif_2014_10_31_999_65_-_Copy.jpg","2019-10-09 00:37:21+00:00",8974727,"failed","","","","","","","","",""
"svz-master-pictures-new","failed/gif_2014_10_31_999_66_-_Copy.jpg","2019-10-09 00:37:32+00:00",8952345,"failed","","","","","","","","",""
"svz-master-pictures-new","failed/gif_2014_10_31_999_67_-_Copy.jpg","2019-10-09 00:37:26+00:00",8224921,"failed","","","","","","","","",""
"svz-master-pictures-new","failed/gif_2014_10_31_999_68_-_Copy.jpg","2019-10-09 00:37:29+00:00",7967250,"failed","","","","","","","","",""
"svz-master-pictures-new","failed/images_nerdthoughts_ssl.jpg","2020-10-15 19:46:51+00:00",13615,"failed","","","","","","","","",""
